tweet_id,favourite_count,retweet_count
892420643555336193,39492,8842
892177421306343426,33786,6480
891815181378084864,25445,4301
891689557279858688,42863,8925
891327558926688256,41016,9721
891087950875897856,20548,3240
890971913173991426,12053,2142
890729181411237888,66596,19548
890609185150312448,28187,4403
890240255349198849,32467,7684
890006608113172480,31127,7584
889880896479866881,28208,5116
889665388333682689,38745,8502
889638837579907072,27633,4705
889531135344209921,15329,2309
889278841981685760,25712,5635
888917238123831296,29555,4681
888804989199671297,26021,4535
888554962724278272,20267,3722
888078434458587136,22144,3637
887705289381826560,30690,5584
887517139158093824,46940,12053
887473957103951883,70007,18813
887343217045368832,34223,10713
887101392804085760,31045,6147
886983233522544640,35786,8045
886736880519319552,12286,3420
886680336477933568,22802,4597
886366144734445568,21488,3297
886267009285017600,117,4
886258384151887873,28437,6506
886054160059072513,0,106
885984800019947520,33299,7043
885528943205470208,36592,6642
885518971528720385,20739,3876
885311592912609280,0,19188
885167619883638784,22304,4526
884925521741709313,78881,19149
884876753390489601,28429,6042
884562892145688576,24716,5076
884441805382717440,27443,5836
884247878851493888,74192,21105
884162670584377345,20719,3099
883838122936631299,22269,3559
883482846933004288,46741,10336
883360690899218434,22932,3802
883117836046086144,37810,6900
882992080364220416,24358,4086
882762694511734784,28810,5086
882627270321602560,28327,6303
882268110199369728,45745,12013
882045870035918850,29843,5162
881906580714921986,24708,3516
881666595344535552,51390,11026
881633300179243008,129,7
881536004380872706,50326,16564
881268444196462592,23462,5328
880935762899988482,17288,2871
880872448815771648,21667,3957
880465832366813184,28997,6500
880221127280381952,27561,4398
880095782870896641,28085,4506
879862464715927552,22609,3615
879674319642796034,313,10
879492040517615616,23778,3300
879415818425184262,107834,45655
879376492567855104,17061,3239
879130579576475649,0,7118
879050749262655488,22978,4890
879008229531029506,19265,2793
878776093423087618,19708,4282
878604707211726852,30835,7510
878404777348136964,0,1338
878316110768087041,0,6925
878281511006478336,7890,1338
878057613040115712,42743,7118
877736472329191424,81450,19908
877611172832227328,0,82
877556246731214848,23188,3973
877316821321428993,27835,5377
877201837425926144,27661,5829
876838120628539392,21069,3493
876537666061221889,23789,4775
876484053909872640,19086,2499
876120275196170240,28392,4872
875747767867523072,25710,4478
875144289856114688,22346,5114
875097192612077568,27915,6303
875021211251597312,25948,4895
874680097055178752,28371,4825
874434818259525634,0,15442
874296783580663808,26563,4284
874057562936811520,23061,4107
874012996292530176,35406,10926
873697596434513921,0,12435
873580283840344065,24757,4110
873337748698140672,0,1656
873213775632977920,7435,1656
872967104147763200,27918,5632
872820683541237760,15006,3858
872668790621863937,0,31
872620804844003328,21254,3871
872486979161796608,41474,9365
872261713294495745,34982,6606
872122724285648897,35224,8493
871879754684805121,38995,11810
871762521631449091,20716,3641
871515927908634625,20687,3608
871166179821445120,0,5956
871102520638267392,21403,5729
871032628920680449,23174,3972
870804317367881728,33689,6348
870726314365509632,120,3
870656317836468226,12767,2798
870374049280663552,84753,27502
870308999962521604,22375,4355
870063196459192321,37660,8787
869772420881756160,43546,10580
869702957897576449,29014,6680
869596645499047938,16431,3300
869227993411051520,21052,4004
868880397819494401,54897,12435
868639477480148993,0,2219
868622495443632128,28165,6234
868552278524837888,10485,2219
867900495410671616,24905,4410
867774946302451713,35055,7740
867421006826221569,16683,2673
867072653475098625,0,134
867051520902168576,33289,8367
866816280283807744,0,32705
866720684873056260,20805,5139
866686824827068416,20002,3707
866450705531457537,106481,32705
866334964761202691,54493,15442
866094527597207552,0,8882
865718153858494464,26528,5975
865359393868664832,27416,5351
865006731092295680,28978,8162
864873206498414592,33537,9320
864279568663928832,15134,3251
864197398364647424,31314,9552
863907417377173506,21390,4419
863553081350529029,15875,4464
863471782782697472,0,2664
863432100342583297,24734,5627
863427515083354112,2349,105
863079547188785154,9068,1188
863062471531167744,8911,2664
862831371563274240,19946,5421
862722525377298433,17722,3782
862457590147678208,21405,5342
862096992088072192,77714,24997
861383897657036800,37599,11456
861288531465048066,17961,4465
861005113778896900,17460,4093
860981674716409858,0,2317
860924035999428608,0,879
860563773140209665,7841,2317
860524505164394496,24590,5664
860276583193509888,19081,3724
860184849394610176,17429,6277
860177593139703809,0,33231
859924526012018688,19962,4320
859851578198683649,16044,3762
859607811541651456,19391,1695
859196978902773760,94035,32589
859074603037188101,35446,14658
858860390427611136,0,8762
858843525470990336,16242,3746
858471635011153920,22528,5243
858107933456039936,16459,3140
857989990357356544,16883,2790
857746408056729600,35902,11452
857393404942143489,6213,1772
857263160327368704,20956,4903
857214891891077121,242,20
857062103051644929,0,182
857029823797047296,19838,4342
856602993587888130,0,11580
856543823941562368,17075,3113
856526610513747968,12412,2053
856330835276025856,0,729
856288084350160898,540,17
856282028240666624,29007,6818
855862651834028034,354,28
855860136149123072,4687,1092
855857698524602368,12449,2299
855851453814013952,47679,19118
855818117272018944,27952,5905
855459453768019968,31563,8946
855245323840757760,0,6521
855138241867124737,0,50
854732716440526848,24116,6657
854482394044301312,30979,7546
854365224396361728,19954,5123
854120357044912130,33792,8245
854010172552949760,17120,3419
853760880890318849,30306,6350
853639147608842240,37042,11198
853299958564483072,16456,3913
852936405516943360,0,2226
852912242202992640,9610,2024
852672615818899456,15869,2371
852553447878664193,17419,3858
852311364735569921,35201,10906
852226086759018497,21318,7530
852189679701164033,12176,1733
851953902622658560,0,10647
851861385021730816,0,23
851591660324737024,17240,3808
851464819735769094,25855,7803
851224888060895234,22011,6315
850753642995093505,33213,10285
850380195714523136,13946,2894
850333567704068097,3631,365
850145622816686080,17454,4224
850019790995546112,21874,5429
849776966551130114,32267,8366
849668094696017920,0,5490
849412302885593088,16978,3461
849336543269576704,12196,2088
849051919805034497,32482,7337
848690551926992896,26990,4795
848324959059550208,20143,4012
848213670039564288,8799,825
848212111729840128,17545,3421
847978865427394560,0,3634
847971574464610304,0,479
847962785489326080,25198,5700
847842811428974592,5910,1513
847617282490613760,7523,462
847606175596138505,20130,3756
847251039262605312,21935,4773
847157206088847362,21492,6528
847116187444137987,23028,3564
846874817362120707,21597,4381
846514051647705089,48198,12992
846505985330044928,15250,3468
846153765933735936,34263,10154
846139713627017216,33099,10908
846042936437604353,17192,3206
845812042753855489,31600,9815
845677943972139009,27040,5333
845459076796616705,0,14970
845397057150107648,8215,2056
845306882940190720,25123,6013
845098359547420673,0,8595
844979544864018432,14678,2891
844973813909606400,16307,3597
844704788403113984,41876,11580
844580511645339650,17787,3516
844223788422217728,14700,2437
843981021012017153,16275,3268
843856843873095681,23113,5200
843604394117681152,18234,3066
843235543001513987,23218,6809
842892208864923648,0,56373
842846295480000512,16380,4008
842765311967449089,7292,1435
842535590457499648,19561,3921
842163532590374912,26494,6521
842115215311396866,15145,3363
841833993020538882,0,17399
841680585030541313,27739,8703
841439858740625411,13703,4138
841320156043304961,21340,6056
841314665196081154,17224,5283
841077006473256960,24841,5956
840761248237133825,0,1960
840728873075638272,0,18176
840698636975636481,195,3
840696689258311684,13323,1108
840632337062862849,9722,1960
840370681858686976,17859,5117
840268004936019968,20863,6460
839990271299457024,14575,2579
839549326359670784,29844,8762
839290600511926273,0,159
839239871831150596,29552,7375
838952994649550848,21237,4479
838921590096166913,12135,2341
838916489579200512,0,37
838831947270979586,0,12544
838561493054533637,11849,1494
838476387338051585,24569,5452
838201503651401729,0,11466
838150277551247360,1819,366
838085839343206401,150,0
838083903487373313,19124,3557
837820167694528512,37150,8882
837482249356513284,4189,494
837471256429613056,13909,2611
837366284874571778,22964,5969
837110210464448512,17408,2718
837012587749474308,0,86
836989968035819520,13823,2598
836753516572119041,20944,5201
836677758902222849,13733,2511
836648853927522308,0,622
836397794269200385,0,31140
836380477523124226,15976,3321
836260088725786625,23100,4832
836001077879255040,20840,4901
835685285446955009,0,9272
835574547218894849,19379,4097
835536468978302976,0,1930
835309094223372289,0,23870
835297930240217089,17791,3368
835264098648616962,8467,1930
835246439529840640,2248,82
835172783151792128,28461,6493
835152434251116546,24478,3425
834931633769889797,11791,1872
834786237630337024,22874,6132
834574053763584002,14939,2868
834477809192075265,0,12146
834458053273591808,10482,1893
834209720923721728,22505,5442
834167344700198914,17141,4111
834089966724603904,10957,2420
834086379323871233,14240,2504
833863086058651648,14594,2717
833826103416520705,16661,3886
833732339549220864,0,250
833722901757046785,22501,3626
833479644947025920,16193,2345
833124694597443584,22062,5490
832998151111966721,14506,2508
832769181346996225,0,44
832757312314028032,18356,4109
832682457690300417,12969,3348
832645525019123713,3185,590
832636094638288896,17310,3202
832397543355072512,13067,2533
832369877331693569,18715,3634
832273440279240704,12339,2657
832215909146226688,0,7033
832215726631055365,0,10673
832088576586297345,72,3
832040443403784192,0,11050
832032802820481025,13826,4720
831939777352105988,26297,6992
831926988323639298,369,39
831911600680497154,30248,7409
831670449226514432,11439,2053
831650051525054464,7868,2226
831552930092285952,9843,2620
831322785565769729,10011,1737
831315979191906304,7087,1261
831309418084069378,12777,2772
831262627380748289,13018,2338
830956169170665475,8705,1725
830583320585068544,73157,19188
830173239259324417,0,6519
830097400375152640,10769,3441
829878982036299777,0,5734
829861396166877184,13402,2234
829501995190984704,34779,12146
829449946868879360,11484,2319
829374341691346946,37930,10647
829141528400556032,26859,8486
829011960981237760,58067,18527
828801551087042563,0,3880
828770345708580865,27990,6713
828708714936930305,40107,12811
828650029636317184,10437,1540
828409743546925057,6873,1300
828408677031882754,8368,1468
828381636999917570,13819,2540
828376505180889089,8084,1210
828372645993398273,13706,3325
828361771580813312,2401,194
828046555563323392,12887,3245
828011680017821696,11364,2441
827933404142436356,22098,5958
827653905312006145,16917,3414
827600520311402496,8125,1080
827324948884643840,17444,3490
827228250799742977,0,13452
827199976799354881,11609,2566
826958653328592898,23675,5734
826848821049180160,40170,11805
826615380357632002,0,4498
826598799820865537,5617,292
826598365270007810,11076,2701
826476773533745153,20201,4801
826240494070030336,14564,2957
826204788643753985,5340,1070
826115272272650244,17239,3584
825876512159186944,11481,2138
825829644528148480,13974,2837
825535076884762624,56199,19563
825147591692263424,20129,5223
825120256414846976,0,1477
825026590719483904,6991,1477
824796380199809024,0,6262
824775126675836928,16440,4042
824663926340194305,11068,1986
824325613288833024,12961,11791
824297048279236611,16567,4442
824025158776213504,5234,675
823939628516474880,11712,3110
823719002937630720,0,12874
823699002998870016,13786,2764
823581115634085888,14336,3020
823333489516937216,773,30
823322678127919110,17363,4615
823269594223824897,0,11350
822975315408461824,19071,3936
822872901745569793,132318,47958
822859134160621569,14526,2611
822647212903690241,0,7349
822610361945911296,16259,3409
822489057087389700,20023,7349
822462944365645825,31684,17089
822244816520155136,38696,11350
822163064745328640,0,5529
821886076407029760,12529,2682
821813639212650496,0,3810
821765923262631936,9285,1893
821522889702862852,8842,2021
821421320206483457,0,6424
821407182352777218,13026,5031
821153421864615936,278,10
821149554670182400,9678,2309
821107785811234820,10596,2477
821044531881721856,13974,2622
820837357901512704,0,7694
820749716845686786,34862,11466
820690176645140481,13476,3699
820494788566847489,0,646
820446719150292993,0,2968
820314633777061888,3696,646
820078625395449857,21891,7216
820013781606658049,0,1361
819952236453363712,5903,1361
819924195358416896,14243,5576
819711362133872643,14863,3583
819588359383371776,10556,2259
819347104292290561,7982,1377
819238181065359361,2539,459
819227688460238848,25548,7694
819015337530290176,0,42045
819015331746349057,0,21699
819006400881917954,49786,21699
819004803107983360,95138,42045
818646164899774465,0,23959
818627210458333184,24481,8527
818614493328580609,10920,2965
818588835076603904,0,7085
818536468981415936,12086,2864
818307523543449600,0,9331
818259473185828864,12163,2611
818145370475810820,13621,2993
817908911860748288,5337,902
817827839487737858,57371,31140
817777686764523521,11855,3071
817536400337801217,13051,3488
817502432452313088,0,3902
817423860136083457,38096,17399
817415592588222464,6234,1122
817181837579653120,0,9846
817171292965273600,9650,2315
817120970343411712,13331,3004
817056546584727552,9489,1916
816829038950027264,0,5468
816816676327063552,11030,2350
816697700272001025,10860,2529
816450570814898180,33829,9331
816336735214911488,9529,2253
816091915477250048,9882,2490
816062466425819140,0,1201
816014286006976512,0,6115
815990720817401858,5526,1201
815966073409433600,24964,9846
815745968457060357,0,4774
815736392542261248,10894,2607
815639385530101762,9130,1901
815390420867969024,11423,4388
814986499976527872,8447,1500
814638523311648768,12481,3119
814578408554463233,0,6716
814530161257443328,9597,2143
814153002265309185,31880,10034
813944609378369540,0,3717
813910438903693312,10296,2180
813812741911748608,40231,16183
813800681631023104,9265,2042
813217897535406080,20708,8436
813202720496779264,10160,2079
813187593374461952,22007,5063
813172488309972993,10344,2227
813157409116065792,8553,2547
813142292504645637,9316,2714
813130366689148928,4949,511
813127251579564032,13188,3628
813112105746448384,11462,3208
813096984823349248,11644,4187
813081950185472002,10956,3201
813066809284972545,8825,2259
813051746834595840,23221,8455
812781120811126785,8342,2187
812747805718642688,0,8025
812709060537683968,7344,1658
812503143955202048,6759,1419
812466873996607488,8873,2218
812372279581671427,15161,4230
811985624773361665,8067,1642
811744202451197953,8390,1873
811647686436880384,6189,866
811627233043480576,14210,3633
811386762094317568,23211,7405
810984652412424192,5904,1647
810896069567610880,10057,2082
810657578271330305,12150,3043
810284430598270976,39481,13304
810254108431155201,16308,3880
809920764300447744,17181,4498
809808892968534016,0,5679
809448704142938112,7693,1687
809220051211603969,22165,6519
809084759137812480,14628,4029
808838249661788160,11221,3516
808733504066486276,8769,2502
808501579447930884,12533,2996
808344865868283904,47106,23959
808134635716833280,0,6925
808106460588765185,9671,2515
808001312164028416,13948,4075
807621403335917568,16179,4267
807106840509214720,106634,56373
807059379405148160,0,8471
807010152071229440,14452,4402
806629075125202948,83401,40437
806620845233815552,0,6383
806576416489959424,5350,2216
806542213899489280,11321,2747
806242860592926720,0,13512
806219024703037440,7122,1383
805958939288408065,0,6201
805932879469572096,9164,2195
805826884734976000,7304,2126
805823200554876929,0,9320
805520635690676224,6342,1899
805487436403003392,9734,2916
805207613751304193,8644,1964
804738756058218496,15262,4461
804475857670639616,6856,2341
804413760345620481,0,3698
804026241225523202,49596,18791
803773340896923648,11157,3202
803692223237865472,0,8638
803638050916102144,12226,4803
803380650405482500,8575,2155
803321560782307329,0,6178
803276597545603072,11161,2868
802952499103731712,10047,2322
802624713319034886,0,3390
802600418706604034,7919,1700
802572683846291456,9919,2909
802323869084381190,18061,6780
802265048156610565,7011,1568
802247111496568832,0,5202
802239329049477120,10088,3029
802185808107208704,0,314
801958328846974976,8574,1984
801854953262350336,1948,274
801538201127157760,9109,2377
801285448605831168,6760,955
801167903437357056,27290,6925
801127390143516673,0,4598
801115127852503040,8972,2417
800859414831898624,774,113
800855607700029440,0,1884
800751577355128832,11655,3203
800513324630806528,14632,3476
800459316964663297,10499,2480
800443802682937345,0,5024
800388270626521089,12409,3250
800188575492947969,0,4555
800141422401830912,17023,2968
800018252395122689,31655,15274
799774291445383169,0,5448
799757965289017345,9352,2497
799422933579902976,8938,2207
799308762079035393,0,6425
799297110730567681,11024,3214
799063482566066176,9024,2852
798933969379225600,14669,5177
798925684722855936,8223,1657
798705661114773508,0,7685
798701998996647937,0,9060
798697898615730177,0,7555
798694562394996736,0,5779
798686750113755136,0,2690
798682547630837760,0,5486
798673117451325440,0,6454
798665375516884993,0,4494
798644042770751489,0,2142
798628517273620480,0,2265
798585098161549313,0,6589
798576900688019456,0,6835
798340744599797760,0,3901
798209839306514432,11508,2947
797971864723324932,12975,3636
797545162159308800,16135,5622
797236660651966464,22250,7693
797165961484890113,255,32
796904159865868288,0,10356
796865951799083009,8528,2188
796759840936919040,13222,3549
796563435802726400,0,8471
796484825502875648,8444,2035
796387464403357696,12278,4830
796177847564038144,0,16559
796149749086875649,36048,16559
796125600683540480,5486,2071
796116448414461957,10109,2796
796080075804475393,9426,2690
796031486298386433,12020,4271
795464331001561088,55479,27586
795400264262053889,11229,3310
795076730285391872,18062,6262
794983741416415232,0,3924
794926597468000259,11454,2684
794355576146903043,0,11969
794332329137291264,10648,3076
794205286408003585,10273,3874
793962221541933056,18820,5679
793845145112371200,10247,2177
793614319594401792,0,3646
793601777308463104,8881,1901
793500921481273345,11908,2772
793286476301799424,27474,10673
793271401113350145,9649,2751
793256262322548741,22263,9661
793241302385262592,11741,3790
793226087023144960,10961,3322
793210959003287553,9957,3282
793195938047070209,17001,6504
793180763617361921,7710,2306
793165685325201412,10436,3227
793150605191548928,6886,1982
793135492858580992,7182,2884
793120401413079041,14138,4533
792913359805018113,16001,4693
792883833364439040,12612,4950
792773781206999040,8170,1958
792394556390137856,15071,4976
792050063153438720,7992,2080
791821351946420224,0,24370
791784077045166082,0,11208
791780927877898241,0,4411
791774931465953280,37678,21061
791672322847637504,13086,3646
791406955684368384,14627,4774
791312159183634433,9801,2947
791026214425268224,0,4818
790987426131050500,11041,2468
790946055508652032,18527,5468
790723298204217344,0,2686
790698755171364864,9118,2191
790581949425475584,22397,8143
790337589677002753,8696,2160
790277117346975746,14015,3717
790227638568808452,0,4171
789986466051088384,10311,2686
789960241177853952,0,4816
789903600034189313,11614,4833
789628658055020548,8410,2072
789599242079838210,7579,2267
789530877013393408,13117,3924
789314372632018944,9574,2655
789280767834746880,0,5720
789268448748703744,10147,2996
789137962068021249,10824,3232
788908386943430656,30520,14347
788765914992902144,30604,11969
788552643979468800,0,8365
788412144018661376,15998,5964
788178268662984705,8060,2477
788150585577050112,6837,1502
788070120937619456,0,3933
788039637453406209,6838,1529
787810552592695296,9678,3523
787717603741622272,11370,3226
787397959788929025,12064,3281
787322443945877504,8687,2024
787111942498508800,0,7746
786963064373534720,29595,9272
786729988674449408,0,2809
786709082849828864,20221,7033
786664955043049472,11908,2981
786595970293370880,10460,3575
786363235746385920,12129,4054
786286427768250368,8892,3328
786233965241827333,17100,5529
786051337297522688,1607,178
786036967502913536,0,8148
785927819176054784,12636,3627
785872687017132033,7452,2112
785639753186217984,8680,2545
785533386513321988,10146,2318
785515384317313025,6782,1466
785264754247995392,8095,1897
785170936622350336,13438,5608
784826020293709826,11268,3698
784517518371221505,10005,2945
784431430411685888,6308,1479
784183165795655680,22401,9320
784057939640352768,33358,12874
783839966405230592,33544,12544
783821107061198850,8176,2259
783695101801398276,11595,3706
783466772167098368,9426,2586
783391753726550016,18821,6393
783347506784731136,0,6495
783334639985389568,32504,13512
783085703974514689,9069,2541
782969140009107456,26849,8471
782747134529531904,8276,1593
782722598790725632,19173,6201
782598640137187329,8664,2177
782305867769217024,18547,6424
782021823840026624,0,7196
781955203444699136,12317,3885
781661882474196992,11586,3107
781655249211752448,4445,1305
781524693396357120,23074,6383
781308096455073793,7932,2933
781251288990355457,9403,2430
781163403222056960,10852,3149
780931614150983680,24088,8471
780858289093574656,8007,2311
780800785462489090,6114,1493
780601303617732608,13464,3810
780543529827336192,7001,2008
780496263422808064,0,4293
780476555013349377,0,136
780459368902959104,5868,1221
780192070812196864,9671,2571
780092040432480260,0,2644
780074436359819264,13667,5756
779834332596887552,21161,8148
779377524342161408,9791,3584
779124354206535695,0,21187
779123168116150273,13146,4189
779056095788752897,16444,5202
778990705243029504,22262,8371
778774459159379968,0,11474
778764940568104960,952,422
778748913645780993,7681,1549
778650543019483137,6415,1714
778624900596654080,5166,1165
778408200802557953,15089,4988
778396591732486144,0,14089
778383385161035776,6502,1264
778286810187399168,11529,3804
778039087836069888,9386,3040
778027034220126208,7292,1867
777953400541634568,0,4053
777885040357281792,7054,1882
777684233540206592,12468,3390
777641927919427584,0,4915
777621514455814149,9706,2884
777189768882946048,15858,4965
776819012571455488,0,15743
776813020089548800,5420,1393
776477788987613185,9823,3223
776249906839351296,0,10590
776218204058357768,33209,18343
776201521193218049,10635,2890
776113305656188928,13050,5024
776088319444877312,2037,177
775898661951791106,0,17522
775842724423557120,12980,3083
775733305207554048,15351,4598
775729183532220416,14298,5262
775364825476165632,8265,3445
775350846108426240,11261,4496
775085132600442880,17218,5448
774757898236878852,9429,2023
774639387460112384,7461,2000
774314403806253056,24093,6425
773985732834758656,11869,4449
773922284943896577,7078,1980
773704687002451968,7287,1873
773670353721753600,5910,1489
773547596996571136,24461,7085
773336787167145985,0,5860
773308824254029826,25743,8595
773247561583001600,10368,3672
773191612633579521,11079,4713
772877495989305348,9525,4462
772826264096874500,8820,2654
772615324260794368,0,3881
772581559778025472,7167,1954
772193107915964416,6642,1596
772152991789019136,4168,1292
772117678702071809,4153,844
772114945936949249,2994,544
772102971039580160,4438,1060
771908950375665664,7266,2158
771770456517009408,13308,3901
771500966810099713,9146,2992
771380798096281600,11692,5860
771171053431250945,0,8653
771136648247640064,10184,3337
771102124360998913,6875,1648
771014301343748096,6998,1768
771004394259247104,0,252
770787852854652928,5478,1407
770772759874076672,5734,1611
770743923962707968,0,52101
770655142660169732,8092,1999
770414278348247044,6962,2369
770293558247038976,6899,1703
770093767776997377,0,3492
770069151037685760,8353,2633
769940425801170949,34822,11050
769695466921623552,7073,1911
769335591808995329,0,8780
769212283578875904,5963,1954
768970937022709760,15958,7503
768909767477751808,0,3103
768855141948723200,4645,1028
768609597686943744,4562,1378
768596291618299904,5565,1464
768554158521745409,0,6673
768473857036525572,15048,3932
768193404517830656,12104,4053
767884188863397888,5284,1618
767754930266464257,17733,6178
767500508068192258,8253,2671
767191397493538821,13576,4372
767122157629476866,11180,3246
766864461642756096,0,6481
766793450729734144,5626,1556
766714921925144576,2862,435
766693177336135680,4467,912
766423258543644672,6651,1810
766313316352462849,7467,2156
766078092750233600,0,2955
766069199026450432,4735,997
766008592277377025,4120,568
765719909049503744,7990,2461
765669560888528897,5724,1402
765395769549590528,20472,3114
765371061932261376,7813,2461
765222098633691136,12843,3881
764857477905154048,7072,2016
764259802650378240,6688,1735
763956972077010945,806,61
763837565564780549,13984,4818
763183847194451968,5981,1690
763167063695355904,0,3471
763103485927849985,8120,2587
762699858130116608,13468,4171
762471784394268675,12526,7546
762464539388485633,11451,4816
762316489655476224,5336,1288
762035686371364864,35270,17815
761976711479193600,5962,2297
761750502866649088,0,4511
761745352076779520,4692,975
761672994376806400,54793,33230
761599872357261312,4559,1330
761371037149827077,0,20400
761334018830917632,5761,1658
761292947749015552,4937,1256
761227390836215808,5891,1766
761004547850530816,12422,3933
760893934457552897,4212,1101
760656994973933572,7308,2198
760641137271070720,5455,1477
760539183865880579,8354,4148
760521673607086080,4665,1598
760290219849637889,29503,13070
760252756032651264,4326,989
760190180481531904,6303,2067
760153949710192640,0,38
759943073749200896,6558,2369
759923798737051648,16212,6481
759846353224826880,7399,2256
759793422261743616,6585,2164
759566828574212096,0,24183
759557299618865152,5185,1337
759447681597108224,9382,2809
759446261539934208,1841,557
759197388317847553,6697,2208
759159934323924993,0,1348
759099523532779520,16047,4790
759047813560868866,7201,2291
758854675097526272,3892,1022
758828659922702336,12323,4351
758740312047005698,6317,1819
758474966123810816,4205,1125
758467244762497024,5297,2516
758405701903519748,5729,2192
758355060040593408,3782,1239
758099635764359168,21213,11474
758041019896193024,2987,431
757741869644341248,7579,3692
757729163776290825,0,9247
757725642876129280,4994,1384
757611664640446465,5007,1265
757597904299253760,0,331
757596066325864448,4788,1206
757400162377592832,16667,7717
757393109802180609,6434,1996
757354760399941633,4973,1624
756998049151549440,6898,2260
756939218950160384,7306,2283
756651752796094464,5588,1503
756526248105566208,11463,4141
756303284449767430,4345,1224
756288534030475264,28385,14970
756275833623502848,7090,1733
755955933503782912,8064,3274
755206590534418437,18131,6120
755110668769038337,23353,12554
754874841593970688,0,9140
754856583969079297,7578,2856
754747087846248448,2841,589
754482103782404096,5826,2209
754449512966619136,4132,840
754120377874386944,8628,2655
754011816964026368,9683,4064
753655901052166144,6424,2482
753420520834629632,8690,4049
753398408988139520,6357,2174
753375668877008896,8365,2644
753298634498793472,0,6576
753294487569522689,3740,1183
753039830821511168,40913,23870
753026973505581056,4259,1103
752932432744185856,13903,7746
752917284578922496,7551,1781
752701944171524096,0,3273
752682090207055872,6621,1829
752660715232722944,4860,1784
752568224206688256,6110,2588
752519690950500352,8116,3895
752334515931054080,4213,1258
752309394570878976,0,18880
752173152931807232,6548,2097
751950017322246144,3397,1049
751937170840121344,5746,1516
751830394383790080,6394,2213
751793661361422336,6448,3299
751598357617971201,8665,3419
751583847268179968,4837,1260
751538714308972544,5526,1437
751456908746354688,3501,1120
751251247299190784,13727,6657
751205363882532864,6920,2074
751132876104687617,5595,1475
750868782890057730,5287,1585
750719632563142656,14563,5720
750506206503038976,4909,1309
750429297815552001,14506,4915
750383411068534784,4984,1300
750381685133418496,753,37
750147208377409536,3399,1091
750132105863102464,3977,1430
750117059602808832,4725,1458
750101899009982464,3336,953
750086836815486976,2375,612
750071704093859840,8618,3782
750056684286914561,3429,1006
750041628174217216,3484,701
750026558547456000,2973,884
750011400160841729,3553,1030
749996283729883136,3319,913
749981277374128128,5594,2769
749774190421639168,5092,1489
749417653287129088,6688,1891
749403093750648834,2878,617
749395845976588288,9457,3927
749317047558017024,6038,2496
749075273010798592,6332,2349
749064354620928000,5259,1708
749036806121881602,3411,893
748977405889503236,11187,3746
748932637671223296,6425,2555
748705597323898880,3028,1059
748699167502000129,5190,1810
748692773788876800,4635,1496
748575535303884801,6663,2258
748568946752774144,2399,771
748346686624440324,5709,1404
748337862848962560,8415,4673
748324050481647620,4059,865
748307329658011649,4009,805
748220828303695873,15471,8775
747963614829678593,6360,2433
747933425676525569,7266,2881
747885874273214464,3226,1112
747844099428986880,3070,846
747816857231626240,5316,1309
747651430853525504,1510,177
747648653817413632,14119,6577
747600769478692864,2536,615
747594051852075008,4043,1199
747512671126323200,6085,1796
747461612269887489,4238,1165
747439450712596480,5942,2175
747242308580548608,0,3244
747219827526344708,5766,1779
747204161125646336,3706,1033
747103485104099331,10495,4527
746906459439529985,3158,334
746872823977771008,6556,2418
746818907684614144,5785,1933
746790600704425984,5322,1800
746757706116112384,10466,4411
746726898085036033,6622,2028
746542875601690625,5497,2095
746521445350707200,0,1103
746507379341139972,5074,1222
746369468511756288,6611,1846
746131877086527488,7539,2493
746056683365994496,3884,927
745789745784041472,4413,1201
745712589599014916,7620,2626
745433870967832576,7780,2874
745422732645535745,9367,2754
745314880350101504,7830,3113
745074613265149952,8566,3957
745057283344719872,7909,2568
744995568523612160,3265,707
744971049620602880,8608,3027
744709971296780288,6127,1757
744334592493166593,7407,2404
744234799360020481,130533,79116
744223424764059648,1857,423
743980027717509120,4530,1227
743895849529389061,3974,1079
743835915802583040,0,2372
743609206067040256,4889,1554
743595368194129920,20183,7411
743545585370791937,3851,1060
743510151680958465,8626,4165
743253157753532416,4600,1359
743222593470234624,6764,2151
743210557239623680,4186,1545
742534281772302336,7704,3989
742528092657332225,4858,2234
742465774154047488,7886,4363
742423170473463808,10771,4293
742385895052087300,7432,2251
742161199639494656,4726,1537
742150209887731712,5624,1771
741793263812808706,4959,1691
741743634094141440,8905,3121
741438259667034112,4005,935
741303864243200000,9600,3631
741099773336379392,10947,6218
741067306818797568,10295,3492
740995100998766593,6984,3131
740711788199743490,3724,1058
740699697422163968,3088,884
740676976021798912,19797,7685
740373189193256964,37704,15029
740365076218183684,2715,488
740359016048689152,3600,959
740214038584557568,7300,2211
739979191639244800,21815,6673
739932936087216128,4426,1211
739844404073074688,4128,958
739623569819336705,4163,1541
739606147276148736,5878,1867
739544079319588864,43517,24183
739485634323156992,7850,3295
739238157791694849,74885,52101
738891149612572673,115,6
738885046782832640,4114,1273
738883359779196928,3652,914
738537504001953792,5555,1751
738402415918125056,3586,949
738184450748633089,4704,1355
738166403467907072,9587,3818
738156290900254721,2760,743
737826014890496000,5735,2001
737800304142471168,10902,3887
737678689543020544,5505,1506
737445876994609152,11252,5024
737322739594330112,3939,902
737310737551491075,15990,8296
736736130620620800,4715,1958
736392552031657984,19376,8365
736365877722001409,4353,1401
736225175608430592,8859,3099
736010884653420544,8613,3334
735991953473572864,3919,1280
735648611367784448,4382,1230
735635087207878657,6750,2648
735274964362878976,9579,4679
735256018284875776,3660,987
735137028879360001,3412,1089
734912297295085568,2972,571
734787690684657664,13669,7069
734776360183431168,2727,606
734559631394082816,1639,450
733828123016450049,3911,872
733822306246479872,4003,1136
733482008106668032,3432,1059
733460102733135873,4588,1442
733109485275860992,44456,17522
732732193018155009,2657,597
732726085725589504,3841,997
732585889486888962,4004,861
732375214819057664,8792,2823
732005617171337216,16251,6115
731285275100512256,3784,1087
731156023742988288,4172,1427
730924654643314689,6656,2226
730573383004487680,5377,2422
730427201120833536,3782,1171
730211855403241472,4157,1178
730196704625098752,5319,2157
729854734790754305,4374,1256
729838605770891264,1849,426
729823566028484608,4338,1385
729463711119904772,6315,2573
729113531270991872,2049,367
728986383096946689,3443,911
728760639972315136,5069,1901
728751179681943552,3022,754
728653952833728512,3603,1167
728409960103686147,5355,2260
728387165835677696,3977,1071
728046963732717569,4697,1318
728035342121635841,4932,1867
728015554473250816,4455,1214
727685679342333952,3191,717
727644517743104000,6403,1953
727524757080539137,4872,1374
727314416056803329,3605,831
727286334147182592,3306,917
727175381690781696,4192,1538
727155742655025152,3959,1486
726935089318363137,7470,2731
726887082820554753,4176,1672
726828223124897792,3864,1122
726224900189511680,4786,1296
725842289046749185,7658,2955
725786712245440512,4511,1520
725729321944506368,5625,1995
725458796924002305,1533,698
724983749226668032,4016,1455
724771698126512129,2581,718
724405726123311104,5772,1841
724049859469295616,4708,1977
724046343203856385,2888,617
724004602748780546,4535,1783
723912936180330496,4223,1370
723688335806480385,8406,3327
723673163800948736,3279,1004
723179728551723008,5735,2100
722974582966214656,4473,1754
722613351520608256,5369,1824
721503162398597120,5066,2117
721001180231503872,2733,685
720785406564900865,3387,861
720775346191278080,2689,754
720415127506415616,4480,1669
720389942216527872,6954,2822
720340705894408192,3115,1092
720059472081784833,4207,1262
720043174954147842,5310,2240
719991154352222208,5249,1968
719704490224398336,4954,1628
719551379208073216,5501,2177
719367763014393856,3011,823
719339463458033665,4793,1393
719332531645071360,3691,1070
718971898235854848,3795,1223
718939241951195136,5694,1964
718631497683582976,20628,9060
718613305783398402,2656,539
718540630683709445,2719,1129
718460005985447936,2832,596
718454725339934721,5293,1681
718246886998687744,2097,561
718234618122661888,4201,1118
717841801130979328,2648,666
717790033953034240,3155,1263
717537687239008257,6256,2059
717428917016076293,1737,506
717421804990701568,3429,943
717047459982213120,6799,2128
717009362452090881,3565,1098
716802964044845056,4609,1311
716791146589110272,5190,1473
716730379797970944,1335,475
716447146686459905,14263,6594
716439118184652801,2562,246
716285507865542656,3025,1218
716080869887381504,5252,1926
715928423106027520,3470,985
715758151270801409,4063,1588
715733265223708672,5070,1908
715704790270025728,3038,630
715696743237730304,4237,1443
715680795826982913,4699,1808
715360349751484417,5926,1764
715342466308784130,3279,766
715220193576927233,2613,734
715200624753819648,5565,2098
715009755312439296,4527,1391
714982300363173890,4076,1162
714962719905021952,7990,4796
714957620017307648,4487,1588
714631576617938945,3554,1115
714606013974974464,3924,1036
714485234495041536,2951,1303
714258258790387713,3265,805
714251586676113411,3552,938
714214115368108032,2471,985
714141408463036416,4657,1560
713919462244790272,3545,867
713909862279876608,2066,613
713900603437621249,3049,827
713761197720473600,5289,1536
713411074226274305,4778,1432
713177543487135744,7817,3167
713175907180089344,4831,1622
712809025985978368,20286,7555
712717840512598017,13412,5591
712668654853337088,4509,1363
712438159032893441,5773,1745
712309440758808576,269,26
712097430750289920,4123,1165
712092745624633345,3197,1011
712085617388212225,3515,554
712065007010385924,2443,698
711998809858043904,0,138
711968124745228288,8738,2584
711743778164514816,3086,1097
711732680602345472,9713,4621
711694788429553666,35709,20400
711652651650457602,4208,1032
711363825979756544,3981,1281
711306686208872448,3584,812
711008018775851008,3255,703
710997087345876993,4943,1554
710844581445812225,2765,775
710833117892898816,2928,603
710658690886586372,2513,633
710609963652087808,5201,2613
710588934686908417,4947,2099
710296729921429505,2560,828
710283270106132480,2298,578
710272297844797440,4911,1414
710269109699739648,2597,1255
710153181850935296,3141,1001
710140971284037632,2999,1000
710117014656950272,5975,2224
709918798883774466,3235,1207
709901256215666688,730,112
709852847387627521,3803,1331
709566166965075968,3846,1363
709556954897764353,3575,1196
709519240576036864,1612,276
709449600415961088,2417,663
709409458133323776,2836,782
709225125749587968,2604,643
709207347839836162,13684,6529
709198395643068416,2623,716
709179584944730112,2200,760
709158332880297985,2224,469
709042156699303936,5174,1853
708853462201716736,1934,741
708845821941387268,3217,1008
708834316713893888,1848,568
708810915978854401,17967,7800
708738143638450176,2984,914
708711088997666817,2771,829
708479650088034305,2756,760
708469915515297792,3343,921
708400866336894977,17430,11279
708356463048204288,3907,1511
708349470027751425,2552,829
708149363256774660,4639,1722
708130923141795840,3682,935
708119489313951744,2924,1101
708109389455101952,2109,606
708026248782585858,4772,2158
707995814724026368,3372,1268
707983188426153984,52,2
707969809498152960,2932,1090
707776935007539200,3570,1072
707741517457260545,2706,691
707738799544082433,4471,2769
707693576495472641,3739,1121
707629649552134146,2823,988
707610948723478529,18484,7196
707420581654872064,2487,785
707411934438625280,2475,670
707387676719185920,3823,1478
707377100785885184,3585,1208
707315916783140866,2691,725
707297311098011648,3008,901
707059547140169728,2790,754
707038192327901184,2391,897
707021089608753152,4424,1535
707014260413456384,2496,659
706904523814649856,15879,8780
706901761596989440,2255,676
706681918348251136,3608,1091
706644897839910912,2804,1220
706593038911545345,2350,716
706538006853918722,3757,1574
706516534877929472,3388,1147
706346369204748288,3755,1030
706310011488698368,23355,8987
706291001778950144,1850,521
706265994973601792,2964,1027
706169069255446529,4269,2497
706166467411222528,5605,1811
706153300320784384,1627,432
705975130514706432,3386,838
705970349788291072,3424,1005
705898680587526145,2582,640
705786532653883392,2125,592
705591895322394625,3453,1301
705475953783398401,3220,1042
705442520700944385,4860,1850
705428427625635840,4173,1924
705239209544720384,3271,848
705223444686888960,2816,898
705102439679201280,2339,580
705066031337840642,2363,680
704871453724954624,4564,1244
704859558691414016,2452,609
704847917308362754,5571,1722
704819833553219584,2886,1130
704761120771465216,7243,3244
704499785726889984,3196,1119
704491224099647488,835,97
704480331685040129,3707,1193
704364645503647744,8761,3972
704347321748819968,1722,390
704134088924532736,1649,518
704113298707505153,2022,629
704054845121142784,3193,1023
703774238772166656,2015,523
703769065844768768,3609,1267
703631701117943808,2840,766
703611486317502464,4214,1698
703425003149250560,4153,1554
703407252292673536,2677,779
703382836347330562,3821,1280
703356393781329922,2079,429
703268521220972544,2143,617
703079050210877440,8044,3480
703041949650034688,28862,14089
702932127499816960,2813,807
702899151802126337,1765,504
702684942141153280,3508,1212
702671118226825216,2390,632
702598099714314240,11278,3691
702539513671897089,3122,1083
702332542343577600,3483,1740
702321140488925184,3590,1150
702276748847800320,2695,855
702217446468493312,5243,1515
701981390485725185,3740,1102
701952816642965504,4146,1146
701889187134500865,3890,1553
701805642395348998,3738,1890
701601587219795968,2286,521
701570477911896070,3068,1050
701545186879471618,2892,678
701214700881756160,13398,5779
700890391244103680,2426,650
700864154249383937,2818,683
700847567345688576,2631,555
700796979434098688,2661,1080
700747788515020802,25015,10590
700518061187723268,2881,910
700505138482569216,2476,642
700462010979500032,4523,2018
700167517596164096,2887,832
700151421916807169,2444,750
700143752053182464,8230,3103
700062718104104960,2876,774
700029284593901568,2250,657
700002074055016451,3615,1523
699801817392291840,3326,1084
699788877217865730,2451,554
699779630832685056,3028,1393
699775878809702401,2135,686
699691744225525762,11206,5145
699446877801091073,6486,2926
699434518667751424,2374,574
699423671849451520,1498,379
699413908797464576,2250,687
699370870310113280,2050,494
699323444782047232,3451,977
699088579889332224,2441,711
699079609774645248,2668,739
699072405256409088,3274,1320
699060279947165696,4147,2047
699036661657767936,2852,1337
698989035503689728,3689,1108
698953797952008193,2959,1014
698907974262222848,2778,694
698710712454139905,2701,770
698703483621523456,1597,425
698635131305795584,1397,384
698549713696649216,2522,698
698355670425473025,2037,510
698342080612007937,2476,1068
698262614669991936,5186,2258
698195409219559425,18319,6716
698178924120031232,3072,824
697995514407682048,1660,369
697990423684476929,3586,1448
697943111201378304,2623,774
697881462549430272,3293,1332
697630435728322560,1901,610
697616773278015490,3451,1137
697596423848730625,3296,1419
697575480820686848,2243,569
697516214579523584,2265,1275
697482927769255936,2652,762
697463031882764288,3730,1547
697270446429966336,5102,2080
697259378236399616,3597,1126
697255105972801536,3300,1310
697242256848379904,2735,748
696900204696625153,3476,1152
696894894812565505,2579,756
696886256886657024,5285,2001
696877980375769088,2676,798
696754882863349760,1605,396
696744641916489729,2278,1066
696713835009417216,2603,752
696518437233913856,4255,1881
696490539101908992,1334,169
696488710901260288,2779,1163
696405997980676096,3516,1280
696100768806522880,2116,745
695816827381944320,3275,1315
695794761660297217,3478,877
695767669421768709,2047,850
695629776980148225,4992,2364
695446424020918272,4766,2018
695409464418041856,9420,4000
695314793360662529,3991,1664
695095422348574720,2873,680
695074328191332352,3097,1234
695064344191721472,1762,680
695051054296211456,2910,881
694925794720792577,2946,1036
694905863685980160,3031,1048
694669722378485760,25970,13452
694356675654983680,1643,325
694352839993344000,2231,696
694342028726001664,1720,552
694329668942569472,2189,567
694206574471057408,4571,2286
694183373896572928,3219,1036
694001791655137281,3691,1173
693993230313091072,2040,455
693942351086120961,1883,413
693647888581312512,2943,669
693644216740769793,1468,149
693642232151285760,2776,468
693629975228977152,2670,889
693622659251335168,1680,421
693590843962331137,5541,2219
693582294167244802,1800,291
693486665285931008,1933,694
693280720173801472,3654,1398
693267061318012928,2602,921
693262851218264065,2440,567
693231807727280129,3115,835
693155686491000832,8625,3606
693109034023534592,1882,692
693095443459342336,2049,521
692919143163629568,2914,835
692905862751522816,2667,994
692901601640583168,1964,680
692894228850999298,2507,906
692828166163931137,3141,993
692752401762250755,7469,4102
692568918515392513,4720,1729
692535307825213440,3489,1522
692530551048294401,2010,472
692423280028966913,1613,263
692417313023332352,10227,3902
692187005137076224,2755,924
692158366030913536,2358,896
692142790915014657,1788,437
692041934689402880,3704,1420
692017291282812928,3138,1077
691820333922455552,4308,1849
691793053716221953,8888,4710
691756958957883396,3163,1155
691675652215414786,2107,573
691483041324204033,2594,653
691459709405118465,4437,1290
691444869282295808,2883,946
691416866452082688,21182,8638
691321916024623104,2816,743
691096613310316544,3243,1016
691090071332753408,1861,385
690989312272396288,6484,3264
690959652130045952,3899,1415
690938899477221376,4517,2232
690932576555528194,3591,1143
690735892932222976,4113,1439
690728923253055490,2372,596
690690673629138944,2530,893
690649993829576704,1425,321
690607260360429569,311,19
690597161306841088,2159,679
690400367696297985,2035,509
690374419777196032,3548,969
690360449368465409,2913,1003
690348396616552449,1639,571
690248561355657216,1837,475
690021994562220032,3050,1172
690015576308211712,2729,828
690005060500217858,3995,1896
689999384604450816,1558,422
689993469801164801,1610,516
689977555533848577,1487,499
689905486972461056,2644,785
689877686181715968,3302,1336
689835978131935233,2355,845
689661964914655233,3486,1042
689659372465688576,11355,4386
689623661272240129,2452,745
689599056876867584,12731,6219
689557536375177216,2249,516
689517482558820352,3719,1605
689289219123089408,2462,1052
689283819090870273,3609,1246
689280876073582592,2188,814
689275259254616065,1265,284
689255633275777024,2798,1208
689154315265683456,3335,1124
689143371370250240,2225,578
688916208532455424,2996,979
688908934925697024,2304,869
688898160958271489,2299,887
688894073864884227,2447,788
688828561667567616,1503,420
688804835492233216,1040,224
688789766343622656,2420,748
688547210804498433,2847,789
688519176466644993,2512,821
688385280030670848,10145,5004
688211956440801280,2417,936
688179443353796608,2318,668
688116655151435777,3083,885
688064179421470721,1873,407
687841446767013888,5984,2861
687826841265172480,2979,1280
687818504314159109,2751,1077
687807801670897665,2616,799
687732144991551489,1930,745
687704180304273409,2651,950
687664829264453632,2113,575
687494652870668288,2098,653
687480748861947905,1753,281
687476254459715584,2177,614
687460506001633280,2231,612
687399393394311168,2075,701
687317306314240000,21968,10356
687312378585812992,4761,2139
687127927494963200,5987,2576
687124485711986689,2361,569
687109925361856513,6339,2789
687102708889812993,2560,1115
687096057537363968,2445,690
686947101016735744,9390,3570
686760001961103360,3840,1549
686749460672679938,3798,1657
686730991906516992,4529,1345
686683045143953408,3056,905
686618349602762752,4023,1533
686606069955735556,2064,606
686394059078897668,1920,763
686386521809772549,3540,993
686377065986265092,2427,636
686358356425093120,2390,772
686286779679375361,4378,1878
686050296934563840,2411,832
686035780142297088,1271,138
686034024800862208,3406,1321
686007916130873345,2701,471
686003207160610816,2002,730
685973236358713344,2309,608
685943807276412928,1792,693
685906723014619143,8242,3281
685681090388975616,2219,143
685667379192414208,2565,662
685663452032069632,3548,1650
685641971164143616,3199,881
685547936038666240,35994,17649
685532292383666176,3327,1293
685325112850124800,10413,4511
685321586178670592,2900,734
685315239903100929,3660,1226
685307451701334016,2255,494
685268753634967552,3403,1362
685198997565345792,2550,759
685169283572338688,4475,1613
684969860808454144,2509,435
684959798585110529,7283,3546
684940049151070208,3508,1185
684926975086034944,3836,548
684914660081053696,3828,1656
684902183876321280,2041,603
684880619965411328,2292,930
684830982659280897,38343,24370
684800227459624960,2961,1114
684594889858887680,9807,3993
684588130326986752,4481,1586
684567543613382656,3289,1410
684538444857667585,2902,1082
684481074559381504,4233,1315
684460069371654144,2163,627
684241637099323392,8956,3711
684225744407494656,1361,239
684222868335505415,4198,1554
684200372118904832,2377,1167
684195085588783105,2096,593
684188786104872960,3810,1336
684177701129875456,2206,762
684147889187209216,3250,1696
684122891630342144,2166,534
684097758874210310,4496,1616
683857920510050305,4146,1260
683852578183077888,2099,395
683849932751646720,2875,1108
683834909291606017,2865,1256
683828599284170753,3036,1189
683773439333797890,3667,1526
683742671509258241,7129,3756
683515932363329536,8020,3273
683498322573824003,3454,1088
683481228088049664,2867,1112
683462770029932544,2672,760
683449695444799489,4270,1820
683391852557561860,8307,2690
683357973142474752,3221,1059
683142553609318400,3150,1170
683111407806746624,3723,1029
683098815881154561,2351,734
683078886620553216,2167,631
683030066213818368,2358,826
682962037429899265,39005,18393
682808988178739200,1941,209
682788441537560576,2693,1253
682750546109968385,1665,491
682697186228989953,1434,396
682662431982772225,3316,1201
682638830361513985,2254,674
682429480204398592,3752,1311
682406705142087680,8279,2002
682393905736888321,2426,769
682389078323662849,1818,516
682303737705140231,3372,1132
682259524040966145,4561,1372
682242692827447297,3548,1339
682088079302213632,20038,11208
682059653698686977,5418,1908
682047327939461121,3515,1084
682032003584274432,7195,2278
682003177596559360,3448,1717
681981167097122816,3026,1158
681891461017812993,2696,948
681694085539872773,13953,4555
681679526984871937,1915,498
681654059175129088,2892,1039
681610798867845120,2093,529
681579835668455424,3873,1483
681523177663676416,15678,6576
681340665377193984,1797,312
681339448655802368,10153,4574
681320187870711809,2908,859
681302363064414209,4325,2063
681297372102656000,3474,1085
681281657291280384,3508,1254
681261549936340994,1588,308
681242418453299201,1638,618
681231109724700672,2616,539
681193455364796417,4052,1680
680970795137544192,2651,743
680959110691590145,4973,2238
680940246314430465,3525,1217
680934982542561280,2272,493
680913438424612864,2599,701
680889648562991104,1936,415
680836378243002368,3742,1501
680805554198020098,2357,745
680801747103793152,2585,923
680798457301471234,3118,1177
680609293079592961,2888,811
680583894916304897,3926,1509
680497766108381184,4624,2151
680494726643068929,1868,542
680473011644985345,2772,839
680440374763077632,1578,559
680221482581123072,1590,329
680206703334408192,3097,1315
680191257256136705,2342,573
680176173301628928,4252,1753
680161097740095489,2527,823
680145970311643136,3942,1965
680130881361686529,2512,1072
680115823365742593,2962,1025
680100725817409536,3878,1545
680085611152338944,13916,9967
680070545539371008,2807,987
680055455951884288,18203,8025
679877062409191424,2147,722
679872969355714560,2359,745
679862121895714818,2671,700
679854723806179328,3130,1392
679844490799091713,2589,886
679828447187857408,39558,15743
679777920601223168,3373,1270
679736210798047232,2295,912
679729593985699840,2357,928
679722016581222400,1807,538
679530280114372609,5193,2336
679527802031484928,2884,817
679511351870550016,3694,1454
679503373272485890,3468,1664
679475951516934144,2289,722
679462823135686656,34731,21187
679405845277462528,2586,1355
679158373988876288,23469,9140
679148763231985668,3015,1158
679132435750195208,3241,1309
679111216690831360,6486,2878
679062614270468097,18630,9247
679047485189439488,2457,773
679001094530465792,3068,1374
678991772295516161,2530,1329
678969228704284672,1788,527
678800283649069056,2800,1014
678798276842360832,3790,1344
678774928607469569,3025,1038
678767140346941444,3846,1544
678764513869611008,1776,542
678755239630127104,7779,3724
678740035362037760,4086,1920
678708137298427904,6053,2740
678675843183484930,3136,1674
678643457146150913,2239,486
678446151570427904,4340,1777
678424312106393600,5887,2866
678410210315247616,4616,2060
678399652199309312,62146,30797
678396796259975168,1722,472
678389028614488064,2035,469
678380236862578688,2641,1017
678341075375947776,1886,610
678334497360859136,1423,302
678278586130948096,12477,6810
678255464182861824,1719,417
678023323247357953,2085,438
678021115718029313,14950,7114
677961670166224897,3686,1873
677918531514703872,1470,461
677895101218201600,5256,2371
677716515794329600,3310,1101
677700003327029250,3675,1613
677698403548192770,1325,361
677687604918272002,2670,948
677673981332312066,3596,1669
677662372920729601,2123,1097
677644091929329666,2031,885
677573743309385728,2312,816
677565715327688705,1403,512
677557565589463040,2653,1314
677547928504967168,7535,4057
677530072887205888,1156,249
677335745548390400,3314,2007
677334615166730240,1470,327
677331501395156992,1179,264
677328882937298944,3925,1681
677314812125323265,1783,609
677301033169788928,1355,468
677269281705472000,2144,788
677228873407442944,3826,1829
677187300187611136,2964,1031
676975532580409345,3000,1196
676957860086095872,2381,902
676949632774234114,1407,444
676948236477857792,2341,977
676946864479084545,1829,424
676942428000112642,2247,852
676936541936185344,13731,5486
676916996760600576,3217,1997
676897532954456065,2419,813
676864501615042560,2278,802
676821958043033607,25013,17503
676819651066732545,1949,738
676811746707918848,1526,468
676776431406465024,5377,2233
676617503762681856,3123,1103
676613908052996102,1172,219
676606785097199616,2029,488
676603393314578432,1268,440
676593408224403456,4939,2400
676590572941893632,992,142
676588346097852417,2519,893
676582956622721024,1299,311
676575501977128964,2794,1252
676533798876651520,2018,618
676496375194980353,1631,601
676470639084101634,12568,5197
676440007570247681,1853,740
676430933382295552,1519,385
676263575653122048,2233,605
676237365392908289,1325,331
676219687039057920,66833,31810
676215927814406144,1873,655
676191832485810177,2464,1142
676146341966438401,2068,739
676121918416756736,2321,1293
676101918813499392,3027,1280
676098748976615425,3259,1610
676089483918516224,1422,479
675898130735476737,1766,651
675891555769696257,2286,971
675888385639251968,2571,1063
675878199931371520,4506,1562
675870721063669760,1771,628
675853064436391936,2903,1447
675849018447167488,1021,170
675845657354215424,2460,991
675822767435051008,1644,589
675820929667219457,1130,259
675798442703122432,11049,3769
675781562965868544,1741,531
675740360753160193,1250,387
675710890956750848,2039,922
675707330206547968,2141,767
675706639471788032,689,106
675534494439489536,1940,468
675531475945709568,1265,428
675522403582218240,1113,312
675517828909424640,1405,503
675501075957489664,18404,6454
675497103322386432,3377,1437
675489971617296384,1395,669
675483430902214656,1982,1076
675432746517426176,1619,626
675372240448454658,1832,558
675362609739206656,1133,260
675354435921575936,35075,18880
675349384339542016,4230,2520
675334060156301312,2994,1428
675166823650848770,3895,1783
675153376133427200,6033,2724
675149409102012420,4017,1870
675147105808306176,1020,273
675146535592706048,1292,345
675145476954566656,2294,1001
675135153782571009,1388,537
675113801096802304,2109,874
675111688094527488,1036,280
675109292475830276,2991,1250
675047298674663426,1136,363
675015141583413248,2908,1330
675006312288268288,1051,251
675003128568291329,1664,517
674999807681908736,2417,1228
674805413498527744,931,391
674800520222154752,3221,947
674793399141146624,2679,1217
674790488185167872,1177,277
674788554665512960,865,229
674781762103414784,2154,1328
674774481756377088,1204,530
674767892831932416,1969,879
674764817387900928,847,262
674754018082705410,1457,488
674752233200820224,1576,515
674743008475090944,1505,602
674742531037511680,525,55
674739953134403584,1189,431
674737130913071104,687,102
674690135443775488,1233,507
674670581682434048,1738,717
674664755118911488,990,276
674646392044941312,1526,553
674644256330530816,1102,308
674638615994089473,1795,649
674632714662858753,1608,633
674606911342424069,1006,113
674468880899788800,6643,2257
674447403907457024,1133,391
674436901579923456,1188,425
674422304705744896,1531,591
674416750885273600,728,157
674410619106390016,1283,514
674394782723014656,1600,630
674372068062928900,920,344
674330906434379776,599,83
674318007229923329,1507,566
674307341513269249,12080,7608
674291837063053312,15725,6495
674271431610523648,1676,799
674269164442398721,954,254
674265582246694913,1753,931
674262580978937856,1383,498
674255168825880576,1569,614
674082852460433408,801,185
674075285688614912,1046,315
674063288070742018,6735,2435
674053186244734976,3564,1431
674051556661161984,1559,526
674045139690631169,1516,707
674042553264685056,768,142
674038233588723717,1169,452
674036086168010753,899,240
674024893172875264,1908,1349
674019345211760640,1204,339
674014384960745472,1671,708
674008982932058114,1288,390
673956914389192708,2080,1060
673919437611909120,1245,399
673906403526995968,3387,1791
673887867907739649,989,273
673716320723169284,3274,839
673715861853720576,3788,2293
673711475735838725,1112,324
673709992831262724,900,304
673708611235921920,1143,315
673707060090052608,1171,431
673705679337693185,1333,437
673700254269775872,1525,633
673697980713705472,4045,2157
673689733134946305,1851,703
673688752737402881,1317,533
673686845050527744,1537,476
673680198160809984,1456,519
673662677122719744,1332,396
673656262056419329,763,265
673636718965334016,1191,403
673612854080196609,1682,800
673583129559498752,1267,401
673580926094458881,875,296
673576835670777856,1474,610
673363615379013632,1085,337
673359818736984064,1551,727
673355879178194945,1602,649
673352124999274496,1754,594
673350198937153538,777,227
673345638550134785,2684,1415
673343217010679808,1032,288
673342308415348736,1357,645
673320132811366400,14374,8653
673317986296586240,920,292
673295268553605120,7996,3471
673270968295534593,1124,399
673240798075449344,1501,795
673213039743795200,2397,928
673148804208660480,1817,687
672997845381865473,2081,782
672995267319328768,1011,327
672988786805112832,1031,312
672984142909456390,1326,591
672980819271634944,1921,1071
672975131468300288,1798,1010
672970152493887488,1014,386
672968025906282496,1395,597
672964561327235073,1518,696
672902681409806336,1440,546
672898206762672129,939,458
672884426393653248,1653,895
672877615439593473,1093,403
672834301050937345,1392,621
672828477930868736,1332,529
672640509974827008,1028,347
672622327801233409,1369,541
672614745925664768,1295,641
672609152938721280,1172,421
672604026190569472,1177,441
672594978741354496,1406,656
672591762242805761,1007,363
672591271085670400,779,205
672538107540070400,1085,402
672523490734551040,689,188
672488522314567680,1181,480
672482722825261057,1212,662
672481316919734272,752,136
672475084225949696,1526,766
672466075045466113,1436,594
672272411274932228,6858,3660
672267570918129665,1584,664
672264251789176834,1206,380
672256522047614977,2992,1691
672254177670729728,1501,796
672248013293752320,1823,655
672245253877968896,727,169
672239279297454080,945,344
672231046314901505,1943,1084
672222792075620352,826,230
672205392827572224,2399,1261
672169685991993344,1068,402
672160042234327040,917,392
672139350159835138,1861,788
672125275208069120,2559,1242
672095186491711488,1059,394
672082170312290304,997,397
672068090318987265,1385,560
671896809300709376,8955,4494
671891728106971137,1407,611
671882082306625538,3667,1486
671879137494245376,1497,746
671874878652489728,1322,599
671866342182637568,1187,545
671855973984772097,973,501
671789708968640512,7479,3793
671768281401958400,1263,569
671763349865160704,1781,996
671744970634719232,1420,838
671743150407421952,774,244
671735591348891648,1527,815
671729906628341761,9073,4766
671561002136281088,13615,7884
671550332464455680,963,228
671547767500775424,1437,648
671544874165002241,2114,1140
671542985629241344,1159,613
671538301157904385,986,434
671536543010570240,1247,440
671533943490011136,1088,627
671528761649688577,892,280
671520732782923777,1488,579
671518598289059840,1006,317
671511350426865664,1728,785
671504605491109889,7465,3840
671497587707535361,975,479
671488513339211776,1070,514
671486386088865792,617,225
671485057807351808,804,252
671390180817915904,1509,802
671362598324076544,1185,321
671357843010908160,424,156
671355857343524864,504,119
671347597085433856,1024,471
671186162933985280,783,238
671182547775299584,1187,377
671166507850801152,932,385
671163268581498880,1755,1194
671159727754231808,397,89
671154572044468225,764,238
671151324042559489,711,165
671147085991960577,708,251
671141549288370177,1240,705
671138694582165504,993,445
671134062904504320,795,212
671122204919246848,3709,2749
671115716440031232,1424,834
671109016219725825,1218,476
670995969505435648,1168,315
670842764863651840,25673,9509
670840546554966016,628,212
670838202509447168,1180,751
670833812859932673,472,134
670832455012716544,775,242
670826280409919488,5930,4452
670823764196741120,820,204
670822709593571328,647,105
670815497391357952,3385,1697
670811965569282048,1195,291
670807719151067136,1225,538
670804601705242624,2090,1029
670803562457407488,360,95
670797304698376195,775,260
670792680469889025,888,297
670789397210615808,698,254
670786190031921152,638,217
670783437142401025,869,428
670782429121134593,1680,857
670780561024270336,827,312
670778058496974848,345,77
670764103623966721,1147,460
670755717859713024,473,121
670733412878163972,1023,556
670727704916926465,882,401
670717338665226240,1297,542
670704688707301377,807,401
670691627984359425,628,263
670679630144274432,793,314
670676092097810432,264,45
670668383499735048,11400,5500
670474236058800128,1630,830
670468609693655041,371,90
670465786746662913,1038,604
670452855871037440,577,223
670449342516494336,1261,728
670444955656130560,7091,2142
670442337873600512,689,211
670435821946826752,1124,566
670434127938719744,1495,702
670433248821026816,343,122
670428280563085312,1480,689
670427002554466305,547,178
670421925039075328,1408,701
670420569653809152,667,339
670417414769758208,603,348
670411370698022913,2169,985
670408998013820928,596,246
670403879788544000,456,173
670385711116361728,591,233
670374371102445568,784,292
670361874861563904,343,71
670338931251150849,447,120
670319130621435904,4087,1348
670303360680108032,450,151
670290420111441920,748,312
670093938074779648,1102,363
670086499208155136,737,274
670079681849372674,2379,1362
670073503555706880,1667,866
670069087419133954,672,275
670061506722140161,819,372
670055038660800512,711,357
670046952931721218,683,191
670040295598354432,798,118
670037189829525505,621,305
670003130994700288,350,100
669993076832759809,342,91
669972011175813120,469,175
669970042633789440,317,65
669942763794931712,533,182
669926384437997569,398,113
669923323644657664,248,62
669753178989142016,853,430
669749430875258880,287,71
669684865554620416,551,98
669683899023405056,411,118
669682095984410625,374,144
669680153564442624,709,310
669661792646373376,854,478
669625907762618368,3754,1956
669603084620980224,1003,397
669597912108789760,548,163
669583744538451968,1580,1012
669573570759163904,465,156
669571471778410496,1677,1077
669567591774625800,248,61
669564461267722241,408,132
669393256313184256,384,82
669375718304980992,1420,786
669371483794317312,520,196
669367896104181761,484,171
669363888236994561,663,249
669359674819481600,388,134
669354382627049472,2876,1385
669353438988365824,688,279
669351434509529089,471,207
669328503091937280,1074,450
669327207240699904,607,126
669324657376567296,520,222
669216679721873412,956,419
669214165781868544,467,182
669203728096960512,1069,519
669037058363662336,692,333
669015743032369152,782,402
669006782128353280,608,269
669000397445533696,22047,6925
668994913074286592,465,252
668992363537309700,795,379
668989615043424256,720,353
668988183816871936,958,513
668986018524233728,577,182
668981893510119424,570,336
668979806671884288,836,378
668975677807423489,1381,635
668967877119254528,161,25
668960084974809088,753,263
668955713004314625,298,77
668932921458302977,282,62
668902994700836864,335,107
668892474547511297,419,163
668872652652679168,560,321
668852170888998912,478,179
668826086256599040,465,150
668815180734689280,608,290
668779399630725120,745,405
668655139528511488,559,233
668645506898350081,953,586
668643542311546881,935,574
668641109086707712,1136,572
668636665813057536,1106,522
668633411083464705,3011,1776
668631377374486528,754,346
668627278264475648,337,123
668625577880875008,417,140
668623201287675904,1540,846
668620235289837568,209,45
668614819948453888,649,340
668587383441514497,1753,1170
668567822092664832,262,62
668544745690562560,554,248
668542336805281792,492,231
668537837512433665,265,79
668528771708952576,493,242
668507509523615744,343,115
668496999348633600,435,145
668484198282485761,451,250
668480044826800133,490,162
668466899341221888,937,556
668297328638447616,653,318
668291999406125056,262,34
668286279830867968,532,149
668274247790391296,881,248
668268907921326080,590,258
668256321989451776,1382,665
668248472370458624,1053,523
668237644992782336,6573,3083
668226093875376128,322,115
668221241640230912,534,214
668204964695683073,586,206
668190681446379520,690,208
668171859951755264,523,207
668154635664932864,520,335
668142349051129856,592,305
668113020489474048,707,264
667937095915278337,1351,862
667924896115245057,317,119
667915453470232577,220,59
667911425562669056,522,328
667902449697558528,896,395
667886921285246976,2005,1174
667885044254572545,860,524
667878741721415682,409,127
667873844930215936,663,438
667866724293877760,3155,1103
667861340749471744,253,86
667832474953625600,302,68
667806454573760512,1105,532
667801013445750784,346,101
667793409583771648,732,356
667782464991965184,432,259
667773195014021121,243,61
667766675769573376,474,238
667728196545200128,395,162
667724302356258817,517,340
667550904950915073,0,37
667550882905632768,0,34
667549055577362432,6102,2447
667546741521195010,350,137
667544320556335104,914,565
667538891197542400,218,72
667534815156183040,863,572
667530908589760512,499,261
667524857454854144,1792,1191
667517642048163840,389,203
667509364010450944,7118,2265
667502640335572993,562,230
667495797102141441,561,294
667491009379606528,558,237
667470559035432960,272,102
667455448082227200,202,66
667453023279554560,326,96
667443425659232256,829,618
667437278097252352,480,257
667435689202614272,324,88
667405339315146752,488,232
667393430834667520,210,60
667369227918143488,387,172
667211855547486208,515,258
667200525029539841,655,280
667192066997374976,412,115
667188689915760640,783,447
667182792070062081,15028,6589
667177989038297088,200,58
667176164155375616,637,483
667174963120574464,261,87
667171260800061440,233,99
667165590075940865,2807,1234
667160273090932737,267,66
667152164079423490,49523,18176
667138269671505920,4827,2372
667119796878725120,345,135
667090893657276420,346,131
667073648344346624,422,132
667070482143944705,87,14
667065535570550784,173,50
667062181243039745,225,57
667044094246576128,197,54
667012601033924608,469,237
666996132027977728,257,101
666983947667116034,2665,1037
666837028449972224,853,581
666835007768551424,221,83
666826780179869698,264,104
666817836334096384,537,266
666804364988780544,249,95
666786068205871104,796,520
666781792255496192,402,209
666776908487630848,365,185
666739327293083650,242,70
666701168228331520,447,229
666691418707132416,195,51
666649482315059201,919,606
666644823164719104,237,88
666454714377183233,542,219
666447344410484738,107,23
666437273139982337,131,52
666435652385423360,171,54
666430724426358785,329,203
666428276349472768,171,90
666421158376562688,325,118
666418789513326592,129,48
666411507551481857,457,337
666407126856765440,113,43
666396247373291520,171,91
666373753744588802,194,99
666362758909284353,801,590
666353288456101888,228,76
666345417576210432,308,146
666337882303524864,203,96
666293911632134144,519,365
666287406224695296,152,71
666273097616637952,183,81
666268910803644416,108,37
666104133288665088,14703,6835
666102155909144576,81,15
666099513787052032,160,73
666094000022159362,168,78
666082916733198337,121,47
666073100786774016,334,173
666071193221509120,154,67
666063827256086533,494,230
666058600524156928,117,61
666057090499244032,304,146
666055525042405380,449,261
666051853826850816,1250,877
666050758794694657,136,60
666049248165822465,111,41
666044226329800704,309,147
666033412701032449,128,47
666029285002620928,132,48
666020888022790149,2528,530
